5002;5005;14;5002;5006;34;5002;5003;15;5002;5007;122;5002;5004;41
5003;6034;21;5003;5004;31;5003;5005;23;5003;5006;39;5003;5007;89
5004;5005;15;5004;5006;22;5004;5007;221;5004;5002;31;5004;5003;44
5005;6104;16;5005;5004;17;5005;5003;20;5005;5007;225;5005;5006;67
5006;5003;41;5006;6501;50;5006;6116;46;5006;5007;275;5006;5005;54
5007;6114;127;5007;5004;199;5007;5002;182;5007;5006;334;5007;5005;312
6001;6114;192;6001;6042;285;6001;6052;212;6001;6043;304;6001;6015;298
6002;6015;124;6002;6012;149;6002;7020;132;6002;6386;341;6002;6114;311
6003;6032;119;6003;6015;153;6003;6064;168;6003;6100;196;6003;6008;244
6004;6104;91;6004;6012;92;6004;6032;106;6004;6015;200;6004;6026;112
6005;6085;119;6005;6159;152;6005;6748;123;6005;6100;190;6005;6087;197
6006;6386;89;6006;6387;104;6006;6396;155;6006;6368;157;6006;6347;220
6007;6064;157;6007;6100;203;6007;6081;160;6007;6078;260;6007;6015;210
6008;6060;149;6008;6012;179;6008;6114;176;6008;6078;274;6008;6043;230
6009;6078;239;6009;6023;372;6009;6114;259;6009;6012;395;6009;6026;399
6011;6015;217;6011;6035;226;6011;6043;355;6011;6026;249;6011;6032;230
6012;6729;479;6012;6100;481;6012;6114;497;6012;6112;734;6012;6015;1084
6013;6034;78;6013;6064;108;6013;6100;172;6013;6078;244;6013;6073;112
6014;6114;163;6014;6100;185;6014;6119;187;6014;6026;209;6014;6078;241
6015;6100;780;6015;6023;862;6015;6078;1054;6015;6026;920;6015;6012;1233
6016;6341;74;6016;6349;107;6016;6427;137;6016;6429;231;6016;6428;173
6017;6078;122;6017;6015;141;6017;6727;149;6017;6729;214;6017;6011;187
6018;6015;188;6018;6012;291;6018;6118;259;6018;6078;539;6018;6119;305
6019;6023;235;6019;6064;260;6019;6148;261;6019;6202;271;6019;6012;307
6020;6119;291;6020;6118;310;6020;6100;304;6020;6116;374;6020;6078;465
6021;6220;212;6021;6064;236;6021;6078;225;6021;6043;239;6021;6015;237
6022;6248;143;6022;6372;181;6022;6386;156;6022;6368;190;6022;6371;218
6023;6015;760;6023;6036;937;6023;6052;1119;6023;6050;1118;6023;6026;1081
6024;6019;60;6024;6104;64;6024;6124;70;6024;6151;75;6024;6120;85
6025;6015;124;6025;6012;155;6025;6180;139;6025;6043;185;6025;6042;190
6026;6023;647;6026;6015;654;6026;6052;1195;6026;6050;1126;6026;6406;1242
6027;6015;267;6027;6078;340;6027;6097;272;6027;6095;377;6027;6100;1079
6029;6052;132;6029;6041;148;6029;6402;141;6029;6406;184;6029;6096;197
6031;6026;132;6031;6015;177;6031;6104;135;6031;6011;186;6031;6042;180
6032;6015;226;6032;6104;287;6032;6042;245;6032;6036;528;6032;6026;427
6033;6368;64;6033;6387;82;6033;6912;66;6033;6226;82;6033;6347;173
6034;6015;351;6034;6042;418;6034;6046;375;6034;6036;571;6034;6026;463
6035;7037;100;6035;6085;107;6035;6087;183;6035;6159;215;6035;6026;119
6036;6050;752;6036;6052;830;6036;6406;1876;6036;6026;1321;6036;6023;1105
6037;6043;254;6037;6023;303;6037;6159;257;6037;6406;335;6037;6026;363
6038;6042;269;6038;6032;280;6038;6406;351;6038;6026;304;6038;6043;571
6039;6748;231;6039;6159;235;6039;6406;298;6039;6087;332;6039;6026;329
6040;6042;157;6040;6012;158;6040;6159;174;6040;6023;166;6040;6026;281
6041;6085;358;6041;6052;396;6041;6159;366;6041;6049;628;6041;6087;469
6042;6749;317;6042;6038;332;6042;6159;390;6042;6049;581;6042;6034;401
6043;6050;368;6043;6038;453;6043;6052;913;6043;6049;1023;6043;6048;461
6044;6078;290;6044;6012;363;6044;6211;531;6044;6015;563;6044;6070;382
6046;6748;392;6046;6085;453;6046;6159;537;6046;6100;513;6046;6034;619
6047;7080;146;6047;6064;188;6047;6211;159;6047;6100;210;6047;6411;307
6048;6042;266;6048;6036;289;6048;6043;440;6048;6041;328;6048;6026;314
6049;6026;354;6049;6087;435;6049;6042;420;6049;6043;1130;6049;6041;560
6050;6036;660;6050;6023;1083;6050;6724;704;6050;6026;1738;6050;6406;2428
6051;6503;49;6051;6189;61;6051;7065;71;6051;7045;98;6051;6245;92
6052;6015;665;6052;6023;1272;6052;6036;824;6052;6026;2001;6052;6406;1983
6053;6159;103;6053;6057;106;6053;6100;220;6053;6034;113;6053;6078;119
6057;6049;212;6057;6100;276;6057;6087;234;6057;6748;358;6057;6159;353
6058;6748;133;6058;6087;168;6058;6159;147;6058;6085;356;6058;6100;171
6059;6078;160;6059;6159;182;6059;6100;172;6059;6087;260;6059;6085;329
6060;6064;177;6060;6078;178;6060;6100;359;6060;6085;205;6060;6095;248
6061;6015;246;6061;6085;271;6061;6107;247;6061;6100;790;6061;6078;340
6062;6085;139;6062;6083;154;6062;6100;158;6062;6096;175;6062;6087;214
6063;6107;327;6063;6073;387;6063;6097;426;6063;6095;508;6063;6078;743
6064;6097;728;6064;6078;1091;6064;6100;1195;6064;6095;1093;6064;6085;1150
6065;6209;255;6065;6078;258;6065;6107;284;6065;6046;512;6065;6095;295
6066;6097;139;6066;6095;184;6066;6107;168;6066;6100;455;6066;6078;190
6067;6012;269;6067;6015;435;6067;6097;270;6067;6095;490;6067;6100;1202
6068;6211;149;6068;6202;175;6068;6411;211;6068;6100;252;6068;6206;223
6070;6209;611;6070;6211;721;6070;6411;1340;6070;6206;884;6070;6100;863
6072;6095;275;6072;6107;291;6072;6432;277;6072;6078;326;6072;6100;867
6073;6095;268;6073;6063;356;6073;6100;1274;6073;6015;458;6073;6064;535
6075;6061;131;6075;6214;169;6075;6213;160;6075;6211;202;6075;7080;170
6076;6394;80;6076;6387;81;6076;6396;134;6076;6395;293;6076;6397;134
6078;6020;552;6078;6015;750;6078;6063;625;6078;6064;1207;6078;6100;1810
6079;7080;199;6079;6411;214;6079;6211;210;6079;6100;381;6079;6064;265
6080;6369;173;6080;6100;175;6080;6435;179;6080;6432;247;6080;6354;246
6081;6046;171;6081;6026;177;6081;6159;180;6081;6064;444;6081;6100;250
6082;6925;74;6082;6753;85;6082;6906;91;6082;6248;97;6082;6259;107
6083;6026;219;6083;6036;222;6083;6064;234;6083;6015;245;6083;6100;590
6084;6063;119;6084;6091;167;6084;6406;197;6084;6100;505;6084;6107;201
6085;6403;234;6085;6026;236;6085;6406;324;6085;6049;297;6085;6041;242
6086;6036;122;6086;6041;142;6086;6043;171;6086;6026;179;6086;6406;206
6087;6039;358;6087;6049;367;6087;6406;372;6087;7079;465;6087;6041;510
6088;6041;185;6088;6043;224;6088;6052;234;6088;6407;265;6088;6406;326
6089;6015;59;6089;6078;60;6089;6157;77;6089;6227;116;6089;6136;101
6090;6921;362;6090;7049;525;6090;7050;399;6090;6087;834;6090;6088;605
6091;6062;139;6091;6084;142;6091;6100;367;6091;6060;293;6091;6064;167
6092;6159;192;6092;6107;214;6092;6100;210;6092;6084;234;6092;6087;296
6093;6418;215;6093;6063;232;6093;6107;260;6093;6064;300;6093;6100;573
6094;6163;122;6094;6155;123;6094;6903;166;6094;6015;163;6094;6183;154
6095;6046;409;6095;6063;754;6095;6418;455;6095;6100;1651;6095;6064;891
6096;6029;122;6096;6921;162;6096;6406;138;6096;6043;222;6096;6041;169
6097;6046;348;6097;6027;359;6097;6063;499;6097;6064;698;6097;6100;794
6098;6012;193;6098;6061;221;6098;6159;200;6098;6095;260;6098;6078;245
6099;6432;86;6099;6070;87;6099;6095;135;6099;6067;99;6099;6078;157
6100;6067;1066;6100;6027;1250;6100;6073;1239;6100;6078;1522;6100;6095;1665
6101;7010;130;6101;6339;252;6101;7011;179;6101;6263;1191;6101;6115;1012
6102;6408;151;6102;6087;161;6102;6100;442;6102;6064;327;6102;6063;180
6103;6114;87;6103;6108;101;6103;6391;148;6103;6120;238;6103;6118;119
6104;6023;349;6104;6026;394;6104;6032;355;6104;6012;404;6104;6034;426
6105;6026;129;6105;6023;146;6105;6729;157;6105;6052;155;6105;6114;165
6106;6501;76;6106;6393;93;6106;6032;79;6106;6026;97;6106;6023;94
6107;6406;287;6107;6061;295;6107;6072;327;6107;6063;366;6107;6064;429
6108;6120;156;6108;6008;179;6108;6012;203;6108;6114;730;6108;6015;285
6109;6502;147;6109;6359;173;6109;6504;188;6109;6052;208;6109;6501;933
6110;6120;93;6110;6015;119;6110;6104;119;6110;6114;1025;6110;6012;164
6111;6017;135;6111;6012;167;6111;6729;172;6111;6043;179;6111;6015;193
6112;6015;383;6112;6073;387;6112;6114;412;6112;6119;454;6112;6012;892
6113;6119;240;6113;6014;247;6113;6729;402;6113;6015;689;6113;6012;701
6114;6012;640;6114;6108;770;6114;6119;886;6114;6118;818;6114;6110;1258
6115;7011;166;6115;6418;178;6115;6718;188;6115;6101;255;6115;6339;195
6116;6012;273;6116;6112;339;6116;6729;417;6116;6015;645;6116;6114;433
6117;6114;162;6117;6078;199;6117;6729;206;6117;6012;288;6117;6015;297
6118;6112;289;6118;6012;321;6118;6729;338;6118;6114;949;6118;6015;589
6119;6120;344;6119;6012;375;6119;6112;394;6119;6015;536;6119;6114;819
6120;6119;275;6120;7078;309;6120;6394;277;6120;6393;426;6120;6126;634
6121;6391;99;6121;6114;102;6121;6394;128;6121;6015;121;6121;6012;115
6122;6113;44;6122;6120;55;6122;7019;47;6122;6114;154;6122;6012;78
6123;6112;126;6123;6012;206;6123;6729;343;6123;6114;489;6123;6015;274
6124;6391;172;6124;6119;196;6124;6393;212;6124;6015;202;6124;6116;256
6125;6419;109;6125;6240;114;6125;6717;208;6125;6366;162;6125;6310;125
6126;6034;114;6126;6015;181;6126;6393;149;6126;6114;239;6126;6120;746
6127;6332;157;6127;6324;174;6127;7063;158;6127;6330;190;6127;6329;290
6128;6112;64;6128;6391;80;6128;6393;75;6128;6012;82;6128;6078;90
6129;6173;162;6129;6015;200;6129;6114;265;6129;6012;207;6129;6019;223
6130;6209;82;6130;6015;87;6130;6178;97;6130;6120;418;6130;6064;98
6131;6114;222;6131;6015;238;6131;6162;248;6131;6152;296;6131;6150;417
6132;6729;126;6132;6020;129;6132;6078;163;6132;6114;267;6132;6012;154
6133;6124;147;6133;6152;159;6133;6184;221;6133;6120;204;6133;6015;227
6134;6381;119;6134;6015;126;6134;6703;159;6134;6120;155;6134;6248;147
6136;6227;1026;6136;6164;1354;6136;6235;1272;6136;6163;2351;6136;6200;1396
6137;6151;287;6137;6114;336;6137;6173;323;6137;6015;358;6137;6154;504
6138;6411;128;6138;6012;134;6138;6152;179;6138;6015;137;6138;6151;201
6139;6015;121;6139;6154;161;6139;6214;141;6139;6151;461;6139;6152;215
6140;6187;287;6140;6015;303;6140;6926;291;6140;6248;346;6140;6184;444
6141;6248;170;6141;6015;222;6141;6197;195;6141;6184;283;6141;6178;245
6142;6078;218;6142;6100;224;6142;6184;292;6142;6248;293;6142;6015;366
6143;6023;233;6143;6154;282;6143;6248;250;6143;6015;493;6143;6184;312
6145;6026;176;6145;6023;225;6145;6173;183;6145;6015;373;6145;6012;236
6146;6012;137;6146;6143;178;6146;6248;158;6146;6015;228;6146;6157;193
6147;6154;247;6147;6314;292;6147;6184;269;6147;6015;299;6147;6173;453
6148;6019;350;6148;6015;505;6148;6114;358;6148;6173;701;6148;6154;949
6149;6154;141;6149;6152;159;6149;6187;250;6149;6184;255;6149;6120;226
6150;6236;180;6150;6154;258;6150;6187;405;6150;6184;477;6150;6131;441
6151;6131;245;6151;6187;463;6151;6169;277;6151;6139;617;6151;6184;603
6152;7029;301;6152;6236;450;6152;6169;369;6152;6187;681;6152;6184;660
6153;6188;112;6153;6078;114;6153;6926;299;6153;6015;115;6153;6184;246
6154;6169;612;6154;6148;651;6154;6187;1053;6154;6184;1219;6154;6163;679
6155;6151;303;6155;6163;351;6155;6187;1076;6155;6184;1083;6155;6015;459
6156;6151;178;6156;6154;183;6156;6184;814;6156;6015;221;6156;6078;229
6157;6154;265;6157;6151;287;6157;6184;521;6157;6015;316;6157;6152;299
6158;6187;181;6158;6184;237;6158;6190;270;6158;6015;238;6158;6154;282
6159;6036;307;6159;6026;429;6159;6406;426;6159;6041;583;6159;6043;623
6160;6187;176;6160;6184;235;6160;6281;195;6160;6190;755;6160;6015;303
6161;6281;129;6161;6136;160;6161;6184;179;6161;6015;187;6161;6190;531
6162;7030;94;6162;6136;105;6162;6154;106;6162;6018;114;6162;6152;114
6163;6227;302;6163;6155;385;6163;6186;510;6163;6154;456;6163;6136;1746
6164;6155;213;6164;6154;229;6164;6236;216;6164;6136;794;6164;7029;405
6165;6910;194;6165;6015;198;6165;6157;254;6165;6143;212;6165;6136;447
6166;6157;149;6166;6015;159;6166;6154;168;6166;6136;866;6166;6012;163
6167;6155;129;6167;6015;130;6167;6186;135;6167;6154;218;6167;6136;629
6168;6199;131;6168;6234;197;6168;7032;157;6168;6235;438;6168;7028;314
6169;6176;335;6169;6151;449;6169;6155;349;6169;6152;482;6169;6154;655
6170;6200;238;6170;6184;257;6170;6227;270;6170;6163;283;6170;6015;299
6171;6008;140;6171;6078;184;6171;6034;158;6171;6015;196;6171;6012;206
6173;6147;384;6173;6143;389;6173;6148;636;6173;6015;451;6173;6137;674
6174;6902;254;6174;6034;306;6174;6064;288;6174;6015;508;6174;6070;344
6175;6211;262;6175;6137;306;6175;6729;478;6175;6148;339;6175;6015;479
6176;6187;226;6176;6169;262;6176;6173;231;6176;6184;351;6176;6015;638
6177;6216;206;6177;6154;235;6177;6248;301;6177;6184;260;6177;6015;434
6178;6143;230;6178;6140;232;6178;6169;312;6178;6015;535;6178;6155;259
6179;6012;225;6179;6015;336;6179;6211;326;6179;6184;354;6179;6214;374
6180;6078;182;6180;6042;256;6180;6043;187;6180;6015;303;6180;6009;279
6181;6032;409;6181;6012;435;6181;6184;420;6181;6078;529;6181;6070;579
6182;6214;140;6182;6155;152;6182;6216;141;6182;6211;161;6182;6061;158
6183;6179;183;6183;6214;185;6183;6903;208;6183;6213;187;6183;6211;210
6184;6151;842;6184;6152;849;6184;6221;889;6184;6155;1219;6184;6154;1484
6185;6250;72;6185;6910;90;6185;6912;88;6185;6257;108;6185;6249;94
6186;7029;166;6186;6154;210;6186;6236;239;6186;6167;211;6186;6163;635
6187;6150;383;6187;6152;504;6187;6155;763;6187;6151;510;6187;6154;871
6188;6023;143;6188;6012;198;6188;6184;149;6188;6154;263;6188;6015;246
6189;6148;83;6189;6253;84;6189;6923;84;6189;6321;120;6189;6127;115
6190;6154;427;6190;6385;660;6190;6237;630;6190;6161;790;6190;6160;844
6191;6321;127;6191;6221;174;6191;7034;128;6191;6912;350;6191;6257;204
6192;6155;110;6192;6184;146;6192;6912;122;6192;6015;188;6192;6221;206
6193;6078;198;6193;6233;360;6193;7032;223;6193;6221;360;6193;6136;520
6194;6433;226;6194;6107;254;6194;7055;236;6194;6100;453;6194;6406;642
6195;6227;162;6195;6179;172;6195;6220;186;6195;6193;195;6195;6221;676
6196;6411;254;6196;6199;266;6196;6213;258;6196;6184;276;6196;6181;295
6197;6371;132;6197;6141;139;6197;6372;138;6197;6136;288;6197;6152;155
6198;6184;78;6198;6267;88;6198;6912;93;6198;6910;129;6198;6179;112
6199;6215;256;6199;6034;262;6199;6221;835;6199;6181;319;6199;6136;558
6200;6184;155;6200;6015;160;6200;6221;217;6200;6136;910;6200;6170;223
6201;6235;168;6201;6034;183;6201;6221;202;6201;6224;214;6201;6078;221
6202;6064;311;6202;6043;317;6202;6100;401;6202;6070;464;6202;6032;367
6203;6214;178;6203;6064;247;6203;6411;268;6203;6065;306;6203;6100;409
6204;7038;292;6204;6064;376;6204;6411;693;6204;6100;617;6204;6211;382
6205;6411;262;6205;6070;266;6205;6211;284;6205;6064;276;6205;6100;286
6206;6211;386;6206;6100;395;6206;6214;511;6206;6078;568;6206;6070;496
6207;6043;126;6207;6214;242;6207;6204;135;6207;6070;292;6207;6034;282
6208;6211;157;6208;6044;167;6208;6213;160;6208;6070;178;6208;6078;215
6209;6903;344;6209;6064;437;6209;6100;450;6209;6070;714;6209;6032;652
6210;7005;271;6210;6716;385;6210;7006;587;6210;6710;526;6210;7002;570
6211;6248;318;6211;6070;472;6211;6214;537;6211;6012;571;6211;6044;474
6212;6223;212;6212;6204;274;6212;6221;230;6212;6070;653;6212;6078;275
6213;6015;284;6213;6012;365;6213;6176;328;6213;6214;385;6213;6070;483
6214;6213;492;6214;6206;806;6214;6903;876;6214;6211;979;6214;6220;1081
6215;6205;259;6215;6199;383;6215;6078;288;6215;6204;445;6215;6070;864
6216;6193;417;6216;6070;450;6216;6221;429;6216;6227;463;6216;6078;467
6217;6012;220;6217;6015;230;6217;6070;235;6217;6184;378;6217;6211;259
6218;6204;230;6218;6034;322;6218;6100;254;6218;6032;387;6218;6070;532
6219;6015;163;6219;7080;206;6219;6202;173;6219;6070;276;6219;6100;238
6220;6070;260;6220;6078;388;6220;6214;840;6220;6015;429;6220;6184;402
6221;6411;499;6221;6078;620;6221;6195;591;6221;6199;673;6221;6184;1067
6222;6015;170;6222;6193;187;6222;6233;206;6222;6184;205;6222;6231;222
6223;6204;277;6223;6070;359;6223;6208;351;6223;6078;369;6223;6184;645
6224;6231;195;6224;6070;217;6224;6221;237;6224;6184;250;6224;6078;233
6225;6012;184;6225;6032;213;6225;6100;196;6225;6070;228;6225;6078;219
6226;7044;84;6226;6133;87;6226;6722;92;6226;6702;168;6226;6078;99
6227;6233;313;6227;6221;388;6227;6170;334;6227;6163;390;6227;6136;895
6228;6246;58;6228;6227;72;6228;6168;70;6228;6199;137;6228;6193;101
6229;6155;172;6229;6136;175;6229;6184;186;6229;6211;242;6229;6169;193
6230;6216;137;6230;6034;182;6230;6222;157;6230;6221;210;6230;6136;230
6231;6227;203;6231;6243;297;6231;6246;273;6231;6136;347;6231;6221;330
6232;6233;109;6232;6231;129;6232;7028;135;6232;6246;215;6232;6078;149
6233;6034;268;6233;6193;367;6233;6221;379;6233;6227;395;6233;6246;413
6234;7045;220;6234;6243;224;6234;7032;222;6234;6221;344;6234;7034;276
6235;6258;227;6235;6193;241;6235;6231;260;6235;6136;931;6235;6221;307
6236;6165;188;6236;6152;212;6236;6154;222;6236;6015;240;6236;6136;473
6237;6152;145;6237;6078;160;6237;6184;201;6237;6190;466;6237;6187;217
6240;6746;83;6240;6927;100;6240;7040;92;6240;6717;285;6240;6312;125
6241;6246;39;6241;6302;40;6241;7022;42;6241;6243;75;6241;6136;53
6243;6193;241;6243;6235;243;6243;7021;252;6243;6231;340;6243;6246;290
6245;6199;127;6245;6227;162;6245;6230;148;6245;6231;180;6245;6233;219
6246;6232;164;6246;6231;242;6246;6301;182;6246;6243;511;6246;6233;364
6247;6234;164;6247;6199;182;6247;6344;249;6247;6912;328;6247;6321;205
6248;6204;384;6248;6221;389;6248;6015;463;6248;6184;833;6248;6070;570
6249;6912;138;6249;6199;156;6249;6910;140;6249;6321;225;6249;6276;157
6250;6199;215;6250;6321;286;6250;6915;218;6250;6328;304;6250;6329;319
6251;6181;66;6251;6344;78;6251;6912;84;6251;6907;91;6251;6199;113
6252;6199;105;6252;6221;112;6252;6411;110;6252;6503;187;6252;6321;117
6253;6734;286;6253;6321;343;6253;6340;318;6253;6336;445;6253;6733;352
6254;6737;100;6254;6907;105;6254;7042;132;6254;6910;176;6254;6321;185
6255;6015;119;6255;6270;127;6255;6389;120;6255;6250;132;6255;6907;154
6257;6185;109;6257;6247;110;6257;6410;119;6257;6344;132;6257;6191;182
6258;6261;117;6258;6235;126;6258;6910;141;6258;6906;786;6258;6259;170
6259;6372;98;6259;6152;100;6259;6907;152;6259;6906;356;6259;6136;106
6260;7028;126;6260;6910;157;6260;7040;203;6260;6168;158;6260;6906;414
6261;6258;90;6261;6389;95;6261;6910;119;6261;6022;152;6261;6906;426
6262;6752;101;6262;6217;105;6262;6912;202;6262;6906;337;6262;6227;110
6263;6064;146;6263;6418;164;6263;6369;161;6263;6420;170;6263;6101;301
6264;6276;86;6264;6908;94;6264;6910;88;6264;6906;299;6264;6168;123
6265;6155;95;6265;6152;103;6265;6190;153;6265;6154;168;6265;6136;108
6266;6925;89;6266;6015;90;6266;6912;112;6266;6012;97;6266;6906;172
6267;6924;136;6267;6268;142;6267;6923;157;6267;6912;942;6267;6910;463
6268;6266;83;6268;6277;110;6268;6361;107;6268;6912;464;6268;6267;171
6269;6391;57;6269;7018;80;6269;6393;76;6269;6114;83;6269;6119;98
6270;6335;87;6270;6257;120;6270;6923;133;6270;6912;461;6270;6910;215
6271;6078;163;6271;6235;191;6271;6233;188;6271;6221;217;6271;6199;196
6272;6255;54;6272;6910;76;6272;7044;68;6272;6923;127;6272;6912;124
6273;6189;76;6273;6250;83;6273;6421;76;6273;6279;126;6273;6015;129
6274;6411;129;6274;6015;133;6274;6155;134;6274;6148;151;6274;6154;205
6275;7008;91;6275;6268;92;6275;6910;104;6275;6253;291;6275;6250;99
6276;6264;120;6276;6253;142;6276;6910;134;6276;6250;147;6276;6912;214
6277;6249;82;6277;6015;83;6277;6925;158;6277;6912;207;6277;6910;122
6278;6261;52;6278;6009;60;6278;6912;59;6278;6168;73;6278;6930;69
6279;6413;77;6279;6250;89;6279;6905;86;6279;6081;99;6279;6273;114
6280;6231;156;6280;6163;208;6280;6233;158;6280;6136;312;6280;6221;212
6281;6149;150;6281;7035;189;6281;6163;153;6281;6161;233;6281;6160;217
6301;6068;79;6301;6046;95;6301;7021;95;6301;6246;155;6301;6245;143
6302;6231;92;6302;6125;95;6302;6246;104;6302;6243;99;6302;6310;107
6303;6232;76;6303;6243;87;6303;6246;83;6303;6233;104;6303;6245;105
6304;6310;53;6304;6204;57;6304;6205;63;6304;6043;104;6304;6075;74
6305;6199;66;6305;6227;68;6305;6243;73;6305;6235;81;6305;6310;93
6306;6928;219;6306;6227;264;6306;6316;234;6306;6366;267;6306;6315;291
6307;6221;191;6307;6070;210;6307;6184;218;6307;6015;258;6307;6214;266
6309;6425;131;6309;6715;161;6309;7052;132;6309;6706;192;6309;7056;353
6310;6315;195;6310;6306;216;6310;6366;211;6310;6927;319;6310;6316;230
6311;6078;97;6311;6234;103;6311;6912;133;6311;6322;146;6311;6321;172
6312;6420;162;6312;6366;199;6312;6927;185;6312;6240;302;6312;6717;353
6313;6052;108;6313;7055;198;6313;6724;167;6313;6406;298;6313;6375;440
6314;6012;125;6314;6926;232;6314;6078;183;6314;6184;676;6314;6015;264
6315;6310;206;6315;6306;224;6315;7014;232;6315;6312;273;6315;6927;345
6316;7012;268;6316;6420;291;6316;7014;361;6316;6312;307;6316;6927;626
6321;6247;209;6321;6249;222;6321;6503;261;6321;6250;371;6321;6253;283
6322;6321;69;6322;6311;73;6322;6344;110;6322;6250;105;6322;6335;76
6323;6335;60;6323;6199;73;6323;7045;72;6323;6321;120;6323;7063;119
6324;6328;85;6324;6127;127;6324;7063;102;6324;6250;137;6324;7064;189
6327;6330;69;6327;6321;74;6327;6910;111;6327;6253;146;6327;6250;136
6328;6034;79;6328;6048;106;6328;6332;102;6328;6253;136;6328;6250;334
6329;6344;121;6329;6321;149;6329;6410;232;6329;6127;347;6329;6250;319
6330;6340;94;6330;6127;147;6330;6344;117;6330;6250;245;6330;6321;160
6331;6321;115;6331;6127;150;6331;7042;146;6331;6344;170;6331;6250;188
6332;6328;102;6332;6321;178;6332;6344;117;6332;6127;200;6332;6250;178
6333;6410;56;6333;6154;83;6333;6321;56;6333;7064;103;6333;6250;85
6334;6321;48;6334;6930;50;6334;6332;48;6334;7008;113;6334;6250;64
6335;6250;164;6335;6344;210;6335;6910;179;6335;6253;299;6335;6389;221
6336;6925;95;6336;6250;127;6336;6910;109;6336;6321;216;6336;6253;183
6338;6329;74;6338;6930;94;6338;6344;88;6338;6389;95;6338;6321;120
6339;6418;106;6339;6354;115;6339;6415;112;6339;6101;170;6339;6115;241
6340;6330;105;6340;6389;151;6340;6910;131;6340;6250;201;6340;6253;286
6341;6036;106;6341;6052;202;6341;6425;132;6341;6406;225;6341;6427;592
6343;6127;71;6343;6221;77;6343;6321;92;6343;6923;340;6343;6253;132
6344;6332;173;6344;6503;180;6344;6915;181;6344;6247;237;6344;6330;205
6345;6734;43;6345;6255;57;6345;6923;51;6345;6925;144;6345;6503;58
6346;7077;61;6346;6104;63;6346;6397;62;6346;6114;156;6346;6387;139
6347;6360;133;6347;6704;144;6347;7023;133;6347;6357;234;6347;6033;187
6349;6085;147;6349;6407;264;6349;6405;182;6349;6406;342;6349;10002;417
6350;6026;136;6350;6406;212;6350;6052;204;6350;10002;303;6350;6036;232
6354;6064;146;6354;6718;248;6354;6080;175;6354;6418;497;6354;6100;289
6355;6104;83;6355;6394;188;6355;7019;135;6355;6396;194;6355;6395;439
6356;6354;79;6356;6432;143;6356;6418;129;6356;6263;212;6356;6115;212
6357;6368;47;6357;6908;58;6357;6912;56;6357;6395;120;6357;6347;192
6358;6910;84;6358;6908;85;6358;6930;89;6358;6912;146;6358;6925;113
6359;6504;102;6359;6050;136;6359;6502;262;6359;6052;382;6359;6501;1058
6360;6368;120;6360;6912;139;6360;7040;137;6360;6267;140;6360;6347;168
6361;6078;86;6361;6371;96;6361;6925;109;6361;6912;209;6361;6910;163
6362;6262;107;6362;6371;148;6362;6372;121;6362;6925;155;6362;6906;241
6363;6432;83;6363;6052;114;6363;6100;168;6363;6418;417;6363;6080;230
6364;6395;160;6364;6703;193;6364;6368;160;6364;6387;215;6364;6381;194
6366;6246;137;6366;6310;141;6366;7012;152;6366;6927;308;6366;6312;411
6367;6906;75;6367;6162;82;6367;6386;79;6367;6259;120;6367;6078;101
6368;6372;163;6368;6376;181;6368;6387;163;6368;6381;189;6368;6370;329
6369;6718;121;6369;6080;149;6369;6434;169;6369;6418;276;6369;6100;271
6370;6372;95;6370;6371;158;6370;6395;119;6370;6396;554;6370;6368;266
6371;6154;119;6371;6052;135;6371;6362;136;6371;6022;225;6371;6151;137
6372;6381;117;6372;6197;125;6372;6918;133;6372;6151;144;6372;6368;238
6373;6380;57;6373;6381;62;6373;6386;512;6373;6012;79;6373;6015;107
6374;6703;80;6374;6226;101;6374;6396;120;6374;6381;121;6374;6387;153
6375;6402;328;6375;6313;402;6375;6742;352;6375;7054;839;6375;6724;446
6376;6117;98;6376;6235;110;6376;7039;102;6376;6368;140;6376;6387;327
6377;6724;152;6377;6036;214;6377;6406;224;6377;6043;242;6377;6052;232
6379;6057;83;6379;6427;187;6379;6426;110;6379;6425;662;6379;7058;412
6380;6368;86;6380;6012;103;6380;6381;137;6380;6395;159;6380;6387;663
6381;6703;171;6381;6368;175;6381;6383;193;6381;6380;206;6381;6386;531
6383;6250;78;6383;6395;88;6383;6370;80;6383;6396;197;6383;6381;139
6384;6197;82;6384;6156;85;6384;6391;93;6384;7039;96;6384;6386;86
6385;6015;181;6385;6012;190;6385;6113;195;6385;6190;383;6385;6184;338
6386;7039;184;6386;6381;213;6386;6391;192;6386;6002;709;6386;6393;411
6387;6346;246;6387;6391;430;6387;7018;374;6387;7019;530;6387;6394;1251
6388;7019;85;6388;6387;139;6388;6397;120;6388;6394;151;6388;6395;165
6389;6189;157;6389;6340;158;6389;6923;157;6389;6335;199;6389;6910;340
6391;6720;155;6391;6397;236;6391;7019;280;6391;6120;274;6391;6387;437
6393;6114;200;6393;6386;217;6393;6394;214;6393;6120;397;6393;7019;290
6394;6120;231;6394;6393;283;6394;6395;326;6394;6397;449;6394;6387;896
6395;6394;398;6395;6355;411;6395;7017;495;6395;6396;532;6395;6397;808
6396;7017;547;6396;6700;841;6396;7019;946;6396;6397;1712;6396;6398;879
6397;6391;247;6397;6394;412;6397;6720;257;6397;6396;778;6397;6395;571
6398;6085;79;6398;6391;116;6398;6394;127;6398;6396;861;6398;6395;272
6401;6087;257;6401;6406;285;6401;6407;478;6401;6408;842;6401;6085;290
6402;6921;245;6402;6036;287;6402;7054;249;6402;6406;692;6402;6375;349
6403;6041;147;6403;6043;169;6403;6096;160;6403;6085;250;6403;6087;232
6404;6405;59;6404;6401;66;6404;6406;85;6404;6041;101;6404;6052;70
6405;6401;197;6405;6043;198;6405;6036;197;6405;6052;411;6405;6087;199
6406;6724;1156;6406;6026;1321;6406;6050;1371;6406;6036;1485;6406;6052;2364
6407;6052;140;6407;6088;145;6407;6727;164;6407;6401;319;6407;6741;197
6408;6727;147;6408;6403;178;6408;6741;374;6408;6401;1002;6408;6921;741
6409;6041;87;6409;6096;170;6409;6406;115;6409;7055;241;6409;6052;178
6410;6257;129;6410;6917;351;6410;7004;219;6410;6737;427;6410;6412;950
6411;6064;431;6411;6100;508;6411;6078;437;6411;6070;1226;6411;6204;668
6412;6166;50;6412;6260;57;6412;6422;54;6412;6410;569;6412;6332;58
6413;6159;132;6413;6039;163;6413;6902;161;6413;6034;177;6413;6100;169
6414;6405;138;6414;6052;148;6414;7055;179;6414;6406;218;6414;6402;182
6415;7013;99;6415;6100;157;6415;6432;99;6415;6418;421;6415;6080;167
6416;6436;91;6416;6100;111;6416;6724;110;6416;6420;128;6416;6418;186
6417;6747;63;6417;6700;87;6417;6395;87;6417;6397;135;6417;6394;113
6418;6064;414;6418;6369;537;6418;6095;441;6418;6100;849;6418;6432;731
6419;6306;80;6419;6125;86;6419;6423;83;6419;6312;89;6419;6420;151
6420;6315;108;6420;6263;136;6420;6316;129;6420;6419;176;6420;6312;157
6421;6273;104;6421;6360;108;6421;6923;210;6421;6906;645;6421;6168;108
6422;7005;87;6422;6710;93;6422;7006;96;6422;6716;133;6422;6210;119
6423;6316;60;6423;6419;76;6423;7036;78;6423;6420;102;6423;6315;86
6424;6107;73;6424;6046;84;6424;6100;217;6424;6097;98;6424;6085;92
6425;7057;195;6425;6406;203;6425;7060;200;6425;6715;340;6425;6379;1168
6426;6052;221;6426;6715;520;6426;7059;441;6426;6706;1892;6426;7056;609
6427;6406;299;6427;6052;309;6427;6428;545;6427;6341;543;6427;6429;875
6428;6041;80;6428;6046;86;6428;6427;448;6428;6016;124;6428;6429;693
6429;6052;124;6429;6406;130;6429;6427;693;6429;6428;736;6429;6016;377
6432;6435;511;6432;6064;634;6432;6418;709;6432;6100;1118;6432;6434;830
6433;6432;218;6433;6064;234;6433;6194;258;6433;6418;287;6433;6100;272
6434;6046;302;6434;6095;315;6434;6432;705;6434;6100;796;6434;6064;346
6435;6093;170;6435;6095;284;6435;6418;309;6435;6100;443;6435;6432;571
6436;6067;103;6436;6072;135;6436;6418;185;6436;6100;216;6436;6064;144
6501;6504;624;6501;6109;632;6501;6502;689;6501;6359;1126;6501;6052;970
6502;6050;88;6502;6359;274;6502;6504;99;6502;6501;730;6502;6052;308
6503;6252;143;6503;6233;164;6503;6747;245;6503;7007;270;6503;6321;212
6504;6123;101;6504;6109;197;6504;6502;122;6504;6501;786;6504;6114;212
6700;6391;105;6700;6114;110;6700;6396;258;6700;6394;112;6700;6395;164
6701;6397;50;6701;6076;51;6701;6700;60;6701;6722;124;6701;6395;65
6702;6117;80;6702;6226;157;6702;6739;119;6702;6722;195;6702;6395;160
6703;6394;126;6703;6142;197;6703;6395;281;6703;6381;232;6703;6370;206
6704;6910;67;6704;6254;83;6704;6904;73;6704;6168;85;6704;6347;253
6705;7060;99;6705;6052;115;6705;7056;108;6705;6050;119;6705;6426;125
6706;6715;109;6706;6309;134;6706;7057;115;6706;6426;1813;6706;6425;162
6707;7056;133;6707;6744;269;6707;6754;649;6707;6709;731;6707;6742;316
6708;6050;127;6708;6036;139;6708;6406;131;6708;6011;153;6708;6026;205
6709;6748;102;6709;6406;115;6709;6921;133;6709;6707;743;6709;6050;140
6710;6422;57;6710;6716;86;6710;7006;85;6710;6210;420;6710;7005;116
6711;6233;52;6711;6249;53;6711;6419;64;6711;6253;67;6711;6260;86
6712;7057;105;6712;6426;143;6712;7058;115;6712;6425;162;6712;7015;278
6713;6347;52;6713;6021;58;6713;6704;55;6713;6368;69;6713;6226;72
6714;6426;87;6714;6427;90;6714;7058;92;6714;6425;138;6714;7015;166
6715;6427;237;6715;6426;326;6715;7058;273;6715;7015;444;6715;6425;392
6716;6412;58;6716;6323;64;6716;6710;72;6716;6210;309;6716;6422;65
6717;6366;77;6717;6928;96;6717;6419;77;6717;6240;228;6717;6312;283
6718;6115;158;6718;6080;241;6718;6369;172;6718;6418;496;6718;6100;251
6719;6432;85;6719;6354;109;6719;6100;108;6719;6418;184;6719;6369;109
6720;6394;119;6720;6396;148;6720;7019;199;6720;6397;214;6720;6395;247
6721;7075;42;6721;6739;45;6721;7016;62;6721;6722;718;6721;6012;72
6722;6226;76;6722;6701;107;6722;6702;97;6722;6395;190;6722;6721;503
6723;6704;55;6723;6168;77;6723;6735;81;6723;6264;81;6723;6396;99
6724;6036;435;6724;6050;485;6724;6375;441;6724;6406;1266;6724;6052;1159
6725;7051;137;6725;7048;167;6725;7054;154;6725;6744;836;6725;6742;765
6726;7064;17;6726;6412;26;6726;7005;45;6726;6710;30;6726;6210;208
6727;6039;213;6727;6052;239;6727;10002;575;6727;6406;334;6727;6043;253
6728;6312;66;6728;6250;69;6728;7042;85;6728;6503;104;6728;6321;98
6729;6116;352;6729;6119;414;6729;6902;375;6729;6012;515;6729;6114;444
6730;6703;36;6730;6701;47;6730;6723;54;6730;6396;100;6730;6395;58
6731;6723;49;6731;6368;61;6731;6395;50;6731;6396;124;6731;6703;98
6732;6036;165;6732;6052;179;6732;6427;194;6732;6406;241;6732;10002;926
6733;6065;80;6733;6255;102;6733;7042;81;6733;6923;189;6733;6253;272
6734;6344;100;6734;6253;130;6734;6321;200;6734;6250;173;6734;6127;160
6735;6236;42;6735;6033;48;6735;6905;61;6735;6723;86;6735;6040;55
6736;6210;37;6736;6710;41;6736;6716;39;6736;7006;58;6736;7005;68
6737;6930;84;6737;6389;84;6737;6168;84;6737;6410;445;6737;7028;91
6738;6180;93;6738;6011;105;6738;6092;112;6738;6034;212;6738;6104;177
6739;6721;25;6739;6398;31;6739;7009;57;6739;6722;82;6739;6702;143
6741;6087;134;6741;6085;169;6741;6406;207;6741;6407;271;6741;6408;227
6742;6052;150;6742;6375;319;6742;6707;317;6742;6725;606;6742;6406;458
6743;6065;163;6743;6063;181;6743;6100;217;6743;6078;243;6743;6064;435
6744;6742;72;6744;6406;92;6744;7048;106;6744;6725;698;6744;6707;202
6745;6038;137;6745;6026;158;6745;6050;138;6745;6100;275;6745;6064;166
6746;6923;37;6746;6233;40;6746;7007;120;6746;6503;60;6746;6240;45
6747;7007;110;6747;6257;113;6747;6912;135;6747;6503;242;6747;6034;133
6748;6041;321;6748;6023;364;6748;6406;676;6748;6036;552;6748;6026;440
6749;6180;171;6749;6041;211;6749;6043;254;6749;6012;292;6749;6042;319
6750;6148;218;6750;6178;275;6750;6184;304;6750;6015;293;6750;6012;390
6752;6503;80;6752;6168;90;6752;6912;90;6752;6233;91;6752;6262;110
6753;6368;50;6753;6701;52;6753;6139;50;6753;6395;71;6753;6347;95
6754;6709;58;6754;6406;72;6754;6725;60;6754;6724;73;6754;6707;616
6901;6119;154;6901;6023;222;6901;6078;159;6901;6026;271;6901;6012;226
6902;6119;257;6902;6114;280;6902;6729;550;6902;6015;550;6902;6012;338
6903;6221;194;6903;6176;196;6903;6214;487;6903;6012;519;6903;6070;253
6904;6254;76;6904;6199;94;6904;6923;151;6904;6912;568;6904;6910;243
6905;6152;93;6905;6148;110;6905;6371;111;6905;6918;124;6905;6368;110
6906;6264;419;6906;6260;440;6906;6421;563;6906;6261;573;6906;6258;591
6907;6259;214;6907;6261;225;6907;6421;247;6907;6015;236;6907;6260;244
6908;6233;115;6908;6234;123;6908;6264;127;6908;6199;136;6908;6259;143
6910;6270;232;6910;6907;269;6910;6361;260;6910;6389;318;6910;6267;585
6912;6247;574;6912;6191;586;6912;6904;599;6912;6267;986;6912;6268;623
6913;7040;137;6913;6321;171;6913;7045;139;6913;6250;211;6913;6747;235
6915;6321;127;6915;6233;154;6915;6910;173;6915;6250;160;6915;6344;187
6916;6220;89;6916;6012;92;6916;6386;159;6916;6187;105;6916;6015;110
6917;6736;42;6917;6412;53;6917;7063;44;6917;6210;131;6917;6410;297
6918;6034;82;6918;6032;98;6918;6372;85;6918;6386;107;6918;6273;106
6919;6421;63;6919;6136;65;6919;6368;71;6919;6153;102;6919;6372;165
6921;6052;247;6921;6036;255;6921;6408;478;6921;6406;562;6921;10002;1294
6923;6930;140;6923;6733;163;6923;6421;155;6923;6267;167;6923;6343;407
6924;6022;69;6924;6168;79;6924;6267;73;6924;6321;109;6924;6253;107
6925;6266;119;6925;6345;138;6925;6362;154;6925;6930;454;6925;6277;216
6926;6012;153;6926;6015;213;6926;6143;160;6926;6140;227;6926;6154;235
6927;6312;228;6927;6315;289;6927;6928;358;6927;6366;435;6927;6316;471
6928;6240;173;6928;6312;199;6928;6366;190;6928;6927;519;6928;6306;234
6929;6910;92;6929;6255;110;6929;7028;116;6929;6113;115;6929;6136;131
6930;6389;61;6930;6734;94;6930;6737;61;6930;6925;365;6930;6923;96
7001;6043;17;7001;6017;19;7001;6114;32;7001;6012;24;7001;6078;54
7002;7006;24;7002;6710;42;7002;7005;26;7002;6210;385;7002;6422;43
7003;6736;36;7003;6148;37;7003;7005;50;7003;6210;184;7003;6034;78
7004;6737;40;7004;6127;68;7004;6332;52;7004;6410;315;7004;6422;69
7005;6736;57;7005;6422;72;7005;7006;58;7005;6210;193;7005;6710;99
7006;7004;60;7006;6710;89;7006;6736;80;7006;6210;507;7006;6422;98
7007;7028;54;7007;6235;117;7007;6747;128;7007;6503;330;7007;6746;163
7008;6275;82;7008;6340;84;7008;6389;82;7008;7063;93;7008;6923;100
7009;6076;13;7009;6301;15;7009;6753;14;7009;6739;56;7009;6114;54
7010;6115;72;7010;6718;103;7010;7013;93;7010;6418;165;7010;6100;118
7011;6436;117;7011;6263;128;7011;6418;135;7011;6115;238;7011;6101;268
7012;6927;103;7012;6306;136;7012;6366;172;7012;6315;146;7012;6316;181
7013;6432;121;7013;6080;156;7013;6418;296;7013;6100;200;7013;6095;156
7014;6223;126;7014;6306;156;7014;6315;179;7014;6366;214;7014;6316;251
7015;7058;138;7015;7057;213;7015;7048;172;7015;6425;303;7015;6715;259
7016;6721;30;7016;6108;32;7016;7075;46;7016;6395;34;7016;6722;75
7017;7019;137;7017;6391;156;7017;6396;236;7017;6395;319;7017;6114;161
7018;6104;67;7018;6011;80;7018;6269;103;7018;6114;139;7018;6387;227
7019;6391;237;7019;6395;310;7019;6393;300;7019;6396;370;7019;6387;335
7020;6015;66;7020;6061;67;7020;6391;68;7020;6114;97;7020;6130;72
7021;6078;107;7021;6221;129;7021;6231;144;7021;6233;164;7021;6243;216
7022;6034;83;7022;6136;103;7022;6231;114;7022;6221;126;7022;6246;183
7023;6273;34;7023;6275;37;7023;6923;39;7023;6925;58;7023;6347;114
7024;6173;69;7024;6155;71;7024;7031;69;7024;6032;79;7024;6015;120
7025;7032;74;7025;6344;77;7025;7045;101;7025;6233;78;7025;6136;83
7026;6169;140;7026;6155;163;7026;6193;162;7026;6184;182;7026;6136;201
7027;6131;134;7027;6015;159;7027;6187;219;7027;6124;181;7027;6184;221
7028;6168;144;7028;6233;175;7028;6929;147;7028;6136;337;7028;6231;223
7029;7034;134;7029;6164;210;7029;6165;154;7029;6136;513;7029;6152;230
7030;6162;100;7030;6129;119;7030;6184;255;7030;6015;147;7030;6148;147
7031;6169;120;7031;6184;123;7031;6248;180;7031;6015;322;7031;6012;137
7032;6193;221;7032;6140;250;7032;6227;290;7032;6163;257;7032;6184;325
7033;6100;119;7033;6214;158;7033;7080;125;7033;6411;255;7033;6064;197
7034;6234;264;7034;6034;296;7034;6181;288;7034;6221;340;7034;6136;441
7035;6038;88;7035;6155;109;7035;6214;90;7035;6281;128;7035;6190;184
7036;6078;89;7036;6043;110;7036;6136;107;7036;6221;267;7036;6243;153
7037;7080;139;7037;6034;161;7037;6214;202;7037;6070;491;7037;6100;332
7038;6078;197;7038;6032;207;7038;6214;358;7038;6070;533;7038;6204;364
7039;6371;93;7039;6015;96;7039;6397;119;7039;6386;426;7039;6034;125
7040;6235;110;7040;6328;120;7040;6912;291;7040;6260;128;7040;6168;174
7041;6347;76;7041;6371;85;7041;6386;89;7041;6387;262;7041;6395;124
7042;7065;91;7042;7040;113;7042;6329;93;7042;6253;170;7042;6250;142
7043;6368;86;7043;6397;89;7043;7027;87;7043;6387;319;7043;6381;119
7044;6395;41;7044;6918;49;7044;6753;45;7044;6702;61;7044;6226;76
7045;6235;131;7045;6915;136;7045;7034;154;7045;6199;228;7045;6221;136
7046;6015;66;7046;6012;71;7046;6371;89;7046;6387;277;7046;6368;94
7047;6732;65;7047;6026;74;7047;10002;88;7047;6036;81;7047;6406;92
7048;6406;83;7048;6725;94;7048;6724;84;7048;6744;132;7048;7015;125
7049;6041;141;7049;6026;166;7049;6724;152;7049;6406;247;7049;6921;188
7050;6026;154;7050;6052;162;7050;6406;195;7050;6085;182;7050;6090;241
7051;6742;34;7051;6375;37;7051;7048;65;7051;6057;72;7051;6725;64
7052;6036;87;7052;6043;118;7052;6406;117;7052;6748;125;7052;10002;1581
7053;6096;125;7053;6036;158;7053;6406;314;7053;6052;325;7053;6026;196
7054;6724;215;7054;6052;298;7054;7055;243;7054;6406;729;7054;6375;671
7055;7054;181;7055;6052;197;7055;6409;190;7055;6375;230;7055;6402;218
7056;6707;49;7056;6425;97;7056;7058;52;7056;6309;250;7056;6426;727
7057;10002;115;7057;6406;140;7057;7015;127;7057;6715;153;7057;6425;168
7058;6379;126;7058;6309;140;7058;6712;188;7058;6706;259;7058;6715;356
7059;7054;53;7059;6707;62;7059;7057;98;7059;6426;317;7059;6026;67
7060;6425;88;7060;6309;92;7060;6705;96;7060;6052;100;7060;6406;94
7061;6199;69;7061;6250;95;7061;6410;71;7061;6910;124;7061;6321;221
7062;6727;39;7062;6042;50;7062;6406;46;7062;6096;63;7062;6087;82
7063;7064;134;7063;6321;138;7063;6344;150;7063;6250;234;7063;6127;215
7064;6410;76;7064;6747;80;7064;6333;76;7064;6324;195;7064;6321;123
7065;6250;119;7065;6051;161;7065;6910;120;7065;6912;197;7065;7042;169
7066;6046;200;7066;6023;201;7066;6042;369;7066;6036;301;7066;6026;257
7067;6095;99;7067;6034;112;7067;6100;288;7067;6007;127;7067;6064;362
7068;6026;280;7068;6036;325;7068;6085;281;7068;6406;594;7068;6052;334
7069;6079;144;7069;6052;195;7069;10002;151;7069;6100;201;7069;6208;209
7070;6377;103;7070;6406;197;7070;10002;1213;7070;6052;203;7070;6043;216
7071;6063;178;7071;6061;186;7071;6078;238;7071;6046;190;7071;6064;348
7072;6729;124;7072;6034;152;7072;6248;154;7072;6015;190;7072;6012;175
7073;6073;112;7073;6501;126;7073;6729;121;7073;6015;278;7073;6012;319
7074;6124;142;7074;6078;147;7074;6209;145;7074;6008;147;7074;6012;357
7075;6739;21;7075;6395;23;7075;7016;30;7075;6702;59;7075;6396;24
7076;6058;175;7076;6064;180;7076;6092;188;7076;6063;196;7076;6100;940
7077;6026;101;7077;6015;114;7077;6114;313;7077;6012;120;7077;6023;168
7078;6108;83;7078;6119;85;7078;6120;312;7078;6015;92;7078;6034;102
7079;6159;89;7079;6026;94;7079;6748;147;7079;6087;248;7079;6085;192
7080;6079;131;7080;6047;285;7080;6411;162;7080;6206;345;7080;6100;349
7081;6107;138;7081;6064;163;7081;6078;188;7081;6100;495;7081;6067;165
10002;6052;510;10002;6732;984;10002;7070;1203;10002;7052;1628;10002;6921;1289